task_no,zero-shot,roleplay-role,role-playing,4o zero-shot,4o role-play,4.1 zero-shot,4.1 role-play
1,"Summarize this Java method for me: ```public Map < String , Integer > countWordFrequency ( List < String > words ) {
Map < String , Integer > freqMap = new HashMap < >() ;
for ( String word : words ) {
freqMap . put ( word , freqMap . getOrDefault ( word , 0) + 1) ;
}
return freqMap ;
}```",You are an expert software engineer with many years of experience.,"You are tasked with helping a new intern learn Java. Provide a concise summary of the following Java method: ```public Map < String , Integer > countWordFrequency ( List < String > words ) {
Map < String , Integer > freqMap = new HashMap < >() ;
for ( String word : words ) {
freqMap . put ( word , freqMap . getOrDefault ( word , 0) + 1) ;
}
return freqMap ;
}```","This Java method `countWordFrequency` takes a list of strings (`words`) as input and returns a map where each unique word in the list is a key, and its value is the frequency (number of occurrences) of that word in the list. It uses a `HashMap` to store the word-frequency pairs, iterating through the list and updating the frequency for each word using `getOrDefault` to handle the case where the word is not already in the map.","This Java method, `countWordFrequency`, takes a list of strings (`words`) as input and outputs a map where each unique word from the list is a key, and its corresponding value is the number of times that word appears in the list. It creates a frequency map (`freqMap`), iterates through the input list, and updates the count of each word using the `getOrDefault` method. Finally, it returns the frequency map.","Certainly! This Java method, **countWordFrequency**, takes a list of strings (**words**) and returns a map where each unique string from the list (**word**) is mapped to the number of times it appears in the list. In other words, it counts the frequency of each word and returns the result as a map (word → frequency).","Certainly! Here’s a summary of what the Java method does:

**The method countWordFrequency takes a list of strings (words) and returns a map where each unique word is a key, and its value is the number of times that word appears in the list.**

In brief:
- It loops through the input list.
- For each word, it increments its count in the map (or adds it if not already present).
- Returns the resulting frequency map."
2,"There is a bug in this python method, please tell me what it is and how to fix it: ```def sum_range ( start , end ) :
  total = 0
  for i in range ( start , end ) :
    total += i
  return total```",You are an expert software engineer with many years of experience.,"You are guest lecturing for an introductory python course, using the following python code to introduce a common error present in the method. Identify the error and explain how to fix it as if you were lecturing a class. Code: ```def sum_range ( start , end ) :
  total = 0
  for i in range ( start , end ) :
    total += i
  return total```","The bug in your `sum_range` function lies in the fact that the `range(start, end)` in Python generates numbers starting from `start` up to **but not including** `end`. This means that the number `end` is excluded from the summation.

For example:
```python
sum_range(1, 5)
```
This would calculate `1 + 2 + 3 + 4` and **not include 5**, even though the name `sum_range` might imply that the range is inclusive of both `start` and `end`.

---

### Fix
If you want the function to include the `end` value in the summation, you can modify the `range` function to:

```python
range(start, end + 1)
```

Here’s the corrected code:
```python
def sum_range(start, end):
    total = 0
    for i in range(start, end + 1):  # Include `end` in the range
        total += i
    return total
```

Now, calling `sum_range(1, 5)` will correctly compute `1 + 2 + 3 + 4 + 5` and return `15`.

---

### Alternative Using Built-in Function
You can simplify the function further by using the built-in `sum` function with the same logic:
```python
def sum_range(start, end):
    return sum(range(start, end + 1))  # Use the built-in `sum` with range
```

This is shorter, more efficient, and maintains the same functionality.

---

### Additional Note
If the intent is to **exclude** the `end` and rely on the default behavior of `range`, your original code is valid, but it’s essential to make that behavior explicit in the documentation or method name to avoid confusion.","Sure! Let me analyze the code and point out the bug:

### Code:
```python
def sum_range(start, end):
    total = 0
    for i in range(start, end):
        total += i
    return total
```

### Problem:
The method likely doesn't meet expectations if the `end` value is supposed to be **inclusive**. In Python, the `range(start, end)` function is **exclusive** of the `end` value. This means the loop will not include the `end` value in the summation.

For example:
```python
print(sum_range(1, 5))  # Output: 10, but probably the user expects 15
```
This happens because `range(1, 5)` only includes values `1, 2, 3, 4` (not `5`). If you want the `end` value to be included in the summation, that's the bug.

---

### Fix:
You need to update the method to handle the inclusive sum explicitly by using `range(start, end + 1)` instead of `range(start, end)`.

---

### Corrected Code:
```python
def sum_range(start, end):
    total = 0
    for i in range(start, end + 1):  # Include the end value
        total += i
    return total
```

This change ensures that the `end` value is included in the sum.

Here's the same example after the fix:
```python
print(sum_range(1, 5))  # Output: 15
```

---

### Alternative (Using `sum` Built-in for Simplicity):
You could simplify this method further by using Python's built-in `sum` function instead of a manual loop, like this:
```python
def sum_range(start, end):
    return sum(range(start, end + 1))  # More concise
```

This version does the same thing and is easier to read.

---

### Summary:
The bug is that the `end` value is not being included in the summation because `range` is exclusive of its top value. The fix is to use `range(start, end + 1)`, or you can rely on the Python `sum` built-in function for a cleaner implementation.","Let's review your code:

```python
def sum_range(start, end):
  total = 0
  for i in range(start, end):
    total += i
  return total
```

**Potential bug:**  
This function sums numbers from `start` **up to, but not including** `end`. This is because Python's `range(start, end)` excludes the `end` value.

**Example:**  
`sum_range(1, 5)` sums 1 + 2 + 3 + 4 (not including 5), so the result is 10.

If your intention is **to include both `start` and `end` in the sum** (i.e., sum 1 + 2 + 3 + 4 + 5 = 15 for `sum_range(1, 5)`), then you need to adjust the range to `range(start, end + 1)`:

```python
def sum_range(start, end):
  total = 0
  for i in range(start, end + 1):
    total += i
  return total
```

**Summary:**  
- If you want to **include `end`**, change `range(start, end)` to `range(start, end + 1)`.
- If you intended to **exclude `end`** (as Python's default), then your code is correct.

**Another suggestion:**  
You could use the built-in `sum` function for a more Pythonic approach:

```python
def sum_range(start, end):
  return sum(range(start, end + 1))
```

Let me know if you want `end` included or excluded and I can clarify further!","Let’s examine your method:

```python
def sum_range(start, end):
    total = 0
    for i in range(start, end):
        total += i
    return total
```

## Analysis

- **What it does:** Sums all integers from `start` (inclusive) to `end` (exclusive), same as Python’s `range` behavior.

## Possible Issue

The main bug may be a **misunderstanding of the `end` parameter**:  
- If you want to sum numbers from `start` **to `end` inclusive**, this code will **exclude** `end`.  
- For example: `sum_range(2, 5)` will add 2, 3, 4 (but NOT 5).

## How to Fix

If you want to sum **from `start` to `end`, both inclusive**, modify the `range`:

```python
def sum_range(start, end):
    total = 0
    for i in range(start, end + 1):
        total += i
    return total
```

Or, more concise:

```python
def sum_range(start, end):
    return sum(range(start, end + 1))
```

## Summary Table

| Goal                      | Code change            | Example call       | Expected output |
|---------------------------|------------------------|--------------------|-----------------|
| Inclusive of `end`        | `range(start, end+1)`  | `sum_range(2, 5)`  | 2+3+4+5 = 14    |
| Exclusive of `end`        | `range(start, end)`    | `sum_range(2, 5)`  | 2+3+4 = 9       |

## If you want ""inclusive"" behavior, change:

**From:**  
```python
for i in range(start, end):
```
**To:**  
```python
for i in range(start, end + 1):
```

If you clarify the intended behavior, I can adjust the answer!"
3,"Classify the type of the bug in this C++ code: ```int * getArray ( int size ) {
int arr [ size ]; // Warning : local array
return arr ; // Bug : returning pointer to local variable
}```",You are an expert software engineer with many years of experience.,"You work for a small company and have discovered a bug in their C++ codebase. You need to classify the type of bug in order to properly record and report it. Here is the code you found: ```int * getArray ( int size ) {
int arr [ size ]; // Warning : local array
return arr ; // Bug : returning pointer to local variable
}```","The bug in this C++ code falls into the category of **""Dangling Pointer""**.

### Explanation:
The array `arr` is allocated on the stack as it is local to the function `getArray`. Once the function execution completes, the memory for `arr` is deallocated because it goes out of scope. However, the code attempts to return a pointer to this deallocated (or destroyed) stack memory. Accessing or dereferencing this returned pointer will result in *undefined behavior* because the address now points to invalid memory — this is known as a **dangling pointer**.

### Corrective Action:
To correct this bug, instead of using a local array, allocate the array on the heap using `new` (or better yet, use modern C++ dynamic memory management options like `std::vector`) to ensure its lifetime extends beyond the scope of the function.

#### Corrected with `new`:
```cpp
int* getArray(int size) {
    int* arr = new int[size];  // Allocate memory on the heap
    return arr;                // Return pointer to valid memory
}
```
However, in this case, the caller must remember to `delete[]` the returned memory to avoid memory leaks.

#### Recommended Modern C++ Solution (`std::vector`):
```cpp
#include <vector>

std::vector<int> getArray(int size) {
    return std::vector<int>(size);  // Return a dynamically allocated vector
}
```
Using `std::vector` is safer as it handles memory management automatically, avoiding both dangling pointers and memory leaks.","The bug in the provided C++ code falls under the category of **""Dangling Pointer""**.

### Explanation:
1. **Issue in the Code:**  
   The code tries to return a pointer to a local array (`arr`) that is allocated on the stack. Once the function `getArray` returns, the stack frame for the function is destroyed, and the memory occupied by the array `arr` becomes invalid. Therefore, the returned pointer points to memory that is no longer valid, resulting in a dangling pointer.

2. **Bug Category:**  
   This is a **dangling pointer** issue because the returned pointer (`arr`) refers to memory that has already gone out of scope.

3. **Implications of the Bug:**
   - Accessing the memory pointed to by the returned pointer will lead to undefined behavior.
   - The application may crash or produce unpredictable results.

### Fix for the Code:
Depending on the intended use of the function, a better approach would be to:
1. Dynamically allocate the array on the heap using `new` or `std::vector`.
2. Pass a pointer to an already allocated array into the function or use higher-level abstractions like `std::vector`.

Here's an example fix that uses dynamic memory allocation:

```cpp
int* getArray(int size) {
    int* arr = new int[size];  // Allocate array on the heap
    return arr;                // Return heap-allocated pointer
}
```

### Responsibility of the Caller:
If you use dynamic memory allocation as shown above, the caller is responsible for managing the dynamic memory and releasing it using `delete[]` to prevent memory leaks.

Alternatively, using `std::vector` (which manages memory automatically) is a safer and more modern solution:

```cpp
#include <vector>

std::vector<int> getArray(int size) {
    return std::vector<int>(size);  // Return a vector, safe and efficient
}
```

This is the preferred approach in modern C++ as it avoids manual memory management and issues like dangling pointers.","The bug in this C++ code is:

**Returning a pointer to a local variable (local array) whose lifetime ends when the function returns.**

More formally, this is called a **dangling pointer** bug:

- **Type:** Dangling pointer / use-after-free / returning pointer to local (stack) variable
- **Description:** `arr` is a local variable with automatic storage duration (allocated on the stack), and is destroyed when the function ends. Returning its address leads to undefined behavior if accessed outside the function.

**References**
- C++ Core Guidelines: [ES.64: Don't return a pointer to a local variable](https://isocpp.github.io/CppCoreGuidelines/CppCoreGuidelines#es64-dont-return-or-store-a-pointer-to-a-local-automatic-variable)
- __Common names for this bug:__  
    - Dangling pointer  
    - Returning pointer/reference to local variable  
    - Use-after-scope  
    - Stack-use-after-return","The bug in this C++ code is a **""returning address of local variable""** error, which is classified as **undefined behavior**.

**Explanation:**

- The array `arr` is declared as a **local variable** inside the function `getArray`.
- Its lifetime ends when the function returns; the memory for `arr` is reclaimed.
- Returning a pointer to `arr` (with `return arr;`) means you're returning a pointer to memory that is no longer valid (dangling pointer).
- **Dereferencing this pointer** will cause undefined behavior—possibly a crash or corrupt data.

**Bug type classification:**
- **Dangling pointer**
- **Returning address of a local variable**
- **Use-after-scope**

**Correct approaches** usually involve:
- Allocating the array with `new` (dynamic allocation).
- Using `std::vector<int>`.
- Having the caller provide the array.

**Summary:**  
**Type of bug:** Returning address of local variable (dangling pointer/undefined behavior/use-after-scope)."
4,"Generate a python method starting with ```def is_valid_email(email):``` that validates email addresses using a regex function. Given me only the code, no commentary.",You are an expert software engineer with many years of experience.,"You are trying to create a website for your research, and have an email signup. You need to validate the syntax of any email addresses that users sign up with. Using python, how could you use regex in a method to do this? Start the method with ```def is_valid_email(email):```","```python
import re

def is_valid_email(email):
    pattern = r'^[a-zA-Z0-9_.+-]+@[a-zA-Z0-9-]+\.[a-zA-Z0-9-.]+$'
    return re.match(pattern, email) is not None
```","```python
import re

def is_valid_email(email):
    pattern = r'^[a-zA-Z0-9_.+-]+@[a-zA-Z0-9-]+\.[a-zA-Z0-9-.]+$'
    return re.match(pattern, email) is not None
```","```python
import re

def is_valid_email(email):
    pattern = r'^[a-zA-Z0-9._%+-]+@[a-zA-Z0-9.-]+\.[a-zA-Z]{2,}$'
    return bool(re.match(pattern, email))
```","```python
import re

def is_valid_email(email):
    pattern = r""^[a-zA-Z0-9_.+-]+@[a-zA-Z0-9-]+\.[a-zA-Z0-9-.]+$""
    return re.match(pattern, email) is not None
```"
5,"I'm using Flask API in Python and need to create a '/greet/<username>' endpoint which returns a JSON greeting. Given me only the code, no commentary. Here is my code so far: ```from flask import Flask , jsonify
app = Flask ( __name__ )
@app . route ( '/ greet / < username > ')
def greet ( username ) :
# TODO : Return a JSON greeting
pass```",You are an expert software engineer with many years of experience.,"You are experimenting with Flask API in python, trying to create a '/greet/<username>' endpoint and have it return a JSON greeting. How would you go about this? You already have the following code: ```from flask import Flask , jsonify
app = Flask ( __name__ )
@app . route ( '/ greet / < username > ')
def greet ( username ) :
# TODO : Return a JSON greeting
pass```","```python
from flask import Flask, jsonify
app = Flask(__name__)
@app.route('/greet/<username>')
def greet(username):
    return jsonify({""message"": f""Hello, {username}!""})
```","```python
from flask import Flask, jsonify
app = Flask(__name__)

@app.route('/greet/<username>')
def greet(username):
    return jsonify({""message"": f""Hello, {username}!""})
```","```python
from flask import Flask, jsonify

app = Flask(__name__)

@app.route('/greet/<username>')
def greet(username):
    return jsonify({""message"": f""Hello, {username}!""})
```","```python
from flask import Flask, jsonify
app = Flask(__name__)

@app.route('/greet/<username>')
def greet(username):
    return jsonify({'greeting': f'Hello, {username}!'})

if __name__ == '__main__':
    app.run()
```"
6,"I'm trying to design an SQL schema for a review app containing users, books, and reviews. I have the following pseudocode, please generate me a schema. Given me only the code, no commentary. ```-- TODO : Design schema with appropriate keys and constraints
-- Tables : users ( id , name ) , books ( id , title ) , reviews ( id , user_id , book_id ,
rating )```",You are an expert software engineer with many years of experience.,"You are focusing on backend SQL development for your new app, a review app that handles users, books, and reviews. How would you design an SQL schema? You have the following pseudocode: ```-- TODO : Design schema with appropriate keys and constraints
-- Tables : users ( id , name ) , books ( id , title ) , reviews ( id , user_id , book_id ,
rating )```","```sql
CREATE TABLE users (
    id SERIAL PRIMARY KEY,
    name VARCHAR(255) NOT NULL
);

CREATE TABLE books (
    id SERIAL PRIMARY KEY,
    title VARCHAR(255) NOT NULL
);

CREATE TABLE reviews (
    id SERIAL PRIMARY KEY,
    user_id INT NOT NULL,
    book_id INT NOT NULL,
    rating INT NOT NULL CHECK (rating >= 1 AND rating <= 5),
    FOREIGN KEY (user_id) REFERENCES users(id) ON DELETE CASCADE,
    FOREIGN KEY (book_id) REFERENCES books(id) ON DELETE CASCADE
);
```","```sql
CREATE TABLE users (
    id SERIAL PRIMARY KEY,
    name VARCHAR(255) NOT NULL
);

CREATE TABLE books (
    id SERIAL PRIMARY KEY,
    title VARCHAR(255) NOT NULL
);

CREATE TABLE reviews (
    id SERIAL PRIMARY KEY,
    user_id INT NOT NULL,
    book_id INT NOT NULL,
    rating INT CHECK(rating >= 1 AND rating <= 5),
    FOREIGN KEY (user_id) REFERENCES users(id) ON DELETE CASCADE,
    FOREIGN KEY (book_id) REFERENCES books(id) ON DELETE CASCADE,
    UNIQUE (user_id, book_id)
);
```","```sql
CREATE TABLE users (
    id SERIAL PRIMARY KEY,
    name VARCHAR(255) NOT NULL
);

CREATE TABLE books (
    id SERIAL PRIMARY KEY,
    title VARCHAR(255) NOT NULL
);

CREATE TABLE reviews (
    id SERIAL PRIMARY KEY,
    user_id INTEGER NOT NULL,
    book_id INTEGER NOT NULL,
    rating INTEGER NOT NULL CHECK (rating >= 1 AND rating <= 5),
    CONSTRAINT fk_user FOREIGN KEY (user_id) REFERENCES users(id) ON DELETE CASCADE,
    CONSTRAINT fk_book FOREIGN KEY (book_id) REFERENCES books(id) ON DELETE CASCADE,
    CONSTRAINT unique_user_book_review UNIQUE (user_id, book_id)
);
```","```sql
CREATE TABLE users (
    id SERIAL PRIMARY KEY,
    name VARCHAR(255) NOT NULL
);

CREATE TABLE books (
    id SERIAL PRIMARY KEY,
    title VARCHAR(255) NOT NULL
);

CREATE TABLE reviews (
    id SERIAL PRIMARY KEY,
    user_id INT NOT NULL,
    book_id INT NOT NULL,
    rating INT NOT NULL,
    CONSTRAINT fk_user FOREIGN KEY (user_id) REFERENCES users(id) ON DELETE CASCADE,
    CONSTRAINT fk_book FOREIGN KEY (book_id) REFERENCES books(id) ON DELETE CASCADE,
    CONSTRAINT unique_user_book UNIQUE (user_id, book_id),
    CHECK (rating >= 1 AND rating <= 5)
);
```"
7,"Why am I getting null errors in this Java code: ```public int getLength ( String s ) {
return s . length () ; // What if s is null ?
}```",You are an expert software engineer with many years of experience.,"You've been tasked with a code review, and got to this Java code: ```public int getLength ( String s ) {
return s . length () ; // What if s is null ?
}```. What potential bugs would you report here?","The null errors in your code are a result of trying to call the `length()` method on a `String` object that is `null`. When `s` is `null`, `s.length()` throws a `NullPointerException` because there is no valid `String` object on which the method can operate.

Here's a breakdown of the issue:

- The parameter `s` is of type `String`, but it could be `null`. In Java, `null` represents a reference that doesn't point to any object.
- When you call a method (like `length()`) on a `null` reference, Java throws a `NullPointerException`, because there is no object to invoke the method on.

### Example:

```java
getLength(null); // This will throw NullPointerException because `s` is null.
```

### Solution:

To avoid `NullPointerException`, you can check if `s` is `null` before calling `s.length()`:

```java
public int getLength(String s) {
    if (s == null) {
        return 0; // or some other default value
    }
    return s.length();
}
```

### Explanation of the fix:
1. The `if (s == null)` condition checks if the input string `s` is null.
2. If `s` is null, you can return a default value (e.g., `0` or `-1`, based on your requirements) to ensure you don't try to access `s.length()`.
3. If `s` is not null, then `s.length()` can safely execute, and you return its result.

By adding this null check, you've addressed the possibility of handling `null` parameters gracefully and avoided runtime exceptions in your program.

### Notes:
- Assign meaningful behavior to null inputs based on your use case. For example, returning 0 might make sense for some cases (e.g., treating null as an empty string), while throwing an exception or returning a special value (-1, for example) might be better in other contexts.
- If the method is not supposed to accept `null` as a valid input, you can explicitly throw an exception:

```java
public int getLength(String s) {
    if (s == null) {
        throw new IllegalArgumentException(""String cannot be null"");
    }
    return s.length();
}
```","The null errors you're experiencing in your Java code arise because of the possibility that the parameter `s`, which is an instance of `String`, might be `null` when the method `getLength` is called. Invoking any instance method (like `length()` in this case) on a `null` reference will result in a `NullPointerException` at runtime.

Here's the breakdown of the problem:

1. **Method signature**: Your method accepts a `String` parameter `s`. There is no constraint in Java that prevents someone from passing `null` for this parameter.
   
2. **`length()` method call**: The `length()` method of the `String` class is an instance method that operates on a `String` object. If you call it on `null`, Java will attempt to dereference the null pointer, resulting in a `NullPointerException`.

3. **What if `s` is `null`?** If someone calls `getLength(null)`, then in the line `return s.length();`, `s` is `null`. At this point, the program crashes with a `NullPointerException`.

### Solution

To avoid `NullPointerException`, you should check whether `s` is `null` before calling any instance methods on it. Here's an updated, safe version of your code:

```java
public int getLength(String s) {
    if (s == null) {
        // Handle the null case
        return 0; // Example: return 0 length for null strings
    }
    return s.length();
}
```

### Explanation of the Fix:

1. A `null` check (`if (s == null)`) is added to detect if the input is `null`.
   
2. In this example, I chose to return `0` for a `null` string. This behavior depends on your specific requirements. 

   **Other options include:**
   - Throwing an exception to signal that a `null` input is not allowed:
     ```java
     if (s == null) {
         throw new IllegalArgumentException(""Input string cannot be null"");
     }
     ```
   - Returning a special value (e.g., `-1`) to indicate a `null` input.
   - Handling the null case in a custom way based on your application's logic.

### Best Practices

1. **Always validate input arguments**: Before processing any input, check for `null` or other invalid states where applicable. This prevents runtime errors like `NullPointerException`.

2. **Use annotations to indicate nullability**: Modern development tools and libraries can help clarify which parameters can be `null`. For example:
   - Use `@Nullable` to explicitly declare that a parameter can be `null` and should be checked.
   - Use `@NonNull` to declare a parameter must not be `null`.

   Example:
   ```java
   public int getLength(@Nullable String s) {
       if (s == null) {
           return 0;
       }
       return s.length();
   }
   ```

3. **Leverage `Optional` where appropriate**: Java 8 introduced `Optional`, which can help you wrap nullable values in a more structured manner. Example:
   ```java
   public int getLength(Optional<String> s) {
       return s.map(String::length).orElse(0);
   }
   ```

By incorporating null checks or annotations, you can make your code safer and more robust.","You're getting `null` errors (specifically, a **NullPointerException**) in your Java code because **you're calling a method (`length()`) on a variable that could be `null`**.

Let's look at your code:

```java
public int getLength(String s) {
    return s.length(); // What if s is null ?
}
```

If you call `getLength(null)`, Java will try to execute `null.length()`, which is **illegal** because `null` doesn't refer to any object. This will throw a `NullPointerException`.

### Example:
```java
String myString = null;
System.out.println(getLength(myString));
```
**Output:**  
```
Exception in thread ""main"" java.lang.NullPointerException
```

---

## How to fix it

You should check if `s` is `null` before calling `length()`, and decide what to do in that case (return `0`? Throw a custom exception?).

**Example:**

```java
public int getLength(String s) {
    if (s == null) {
        return 0; // or throw new IllegalArgumentException(""String cannot be null"");
    }
    return s.length();
}
```

---

**In summary:**  
You're getting null errors because you're calling a method on `null`, which isn't allowed in Java. Always check for `null` before calling methods on reference types!","You’re getting **null errors** (specifically, a `NullPointerException`) because you are calling `s.length()` without first checking whether `s` is `null`. If `s` is `null`, this line:

```java
return s.length();
```

will throw a `NullPointerException` at runtime, since you cannot call a method (`length()`) on a null reference.

### How to Fix

You need to check if `s` is `null` before using it:

```java
public int getLength(String s) {
    if (s == null) {
        // Decide how you want to handle null: return 0 or throw an exception
        return 0;
        // Or: throw new IllegalArgumentException(""String cannot be null"");
    }
    return s.length();
}
```

### Summary

**`NullPointerException`** is thrown because you tried to invoke a method on a `null` object. Always check for `null` before using variables that might be `null`."
8,"Implement quoted fields support for the following python CSV parser, Given me only the code, no commentary: ```def parse_csv_line ( line ) :
  return line . split ( ' , ') # Incomplete : doesn 't handle quoted fields```",You are an expert software engineer with many years of experience.,"You are working on helping improve a company's data processing infrastructure, and have been instructed to improve the following python CSV parser to be able to handle quoted fields: ```def parse_csv_line ( line ) :
  return line . split ( ' , ') # Incomplete : doesn 't handle quoted fields```. How would you do this?","```python
import csv

def parse_csv_line(line):
    return next(csv.reader([line], skipinitialspace=True))
```","```python
import csv
from io import StringIO

def parse_csv_line(line):
    return next(csv.reader(StringIO(line)))
```","```python
import re

def parse_csv_line(line):
    pattern = re.compile(r'''
        \s*
        (
            ""(?:[^""]|"""")*""     # Quoted field, supports escaped """"
            |
            [^,]*              # Unquoted field
        )
        \s*
        (?:,|$)
    ''', re.VERBOSE)
    fields = []
    pos = 0
    line_len = len(line)
    while pos < line_len:
        m = pattern.match(line, pos)
        if not m:
            break
        field = m.group(1)
        if field.startswith('""') and field.endswith('""'):
            field = field[1:-1].replace('""""', '""')
        fields.append(field)
        pos = m.end()
    return fields
```","```python
import re

def parse_csv_line(line):
    pattern = re.compile(r'''
        \s*                      # Optional leading whitespace
        (?:                      # Start non-capturing group for either:
          ""                      #   Opening quote
          (                      #   Capture group for quoted field
            (?: [^""] | """" )*     #     Any non-quote or escaped double quote ("""")
          )
          ""                      #   Closing quote
        |                        # OR
          ([^,]*)                #   Capture unquoted field (no commas)
        )
        \s*                      # Optional trailing whitespace
        (?:,|$)                  # Field ends with comma or string end
    ''', re.VERBOSE)
    
    fields = []
    for match in pattern.finditer(line):
        quoted, unquoted = match.group(1), match.group(2)
        if quoted is not None:
            fields.append(quoted.replace('""""', '""'))
        else:
            fields.append(unquoted)
    return fields
```"
9,"Use Ktor to convert this data class into a REST API, Given me only the code, no commentary: ```data class Product ( val id : Int , val name : String , val price : Double )
// TODO : Create GET and POST endpoints using Ktor```",You are an expert software engineer with many years of experience.,"You have been assigned to convert a data class into a REST API, and have been instructed to use Ktor. Here is the data class: ```data class Product ( val id : Int , val name : String , val price : Double )
// TODO : Create GET and POST endpoints using Ktor```. How would you do this?","```kotlin
import io.ktor.application.*
import io.ktor.features.*
import io.ktor.http.*
import io.ktor.request.*
import io.ktor.response.*
import io.ktor.routing.*
import io.ktor.server.engine.*
import io.ktor.server.netty.*

data class Product(val id: Int, val name: String, val price: Double)

fun main() {
    embeddedServer(Netty, port = 8080) {
        install(ContentNegotiation) {
            // Optional: Configure serializer if needed (e.g., Gson, Jackson, Kotlinx-serialization)
        }

        routing {
            val products = mutableListOf<Product>()

            get(""/products"") {
                call.respond(products)
            }

            post(""/products"") {
                val product = call.receive<Product>()
                products.add(product)
                call.respond(HttpStatusCode.Created, product)
            }
        }
    }.start(wait = true)
}
```","```kotlin
import io.ktor.application.*
import io.ktor.http.*
import io.ktor.request.*
import io.ktor.response.*
import io.ktor.routing.*
import io.ktor.server.engine.*
import io.ktor.server.netty.*

data class Product(val id: Int, val name: String, val price: Double)

fun main() {
    val products = mutableListOf<Product>()

    embeddedServer(Netty, port = 8080) {
        routing {
            get(""/products"") {
                call.respond(products)
            }

            post(""/products"") {
                val product = call.receive<Product>()
                products.add(product)
                call.respond(HttpStatusCode.Created, product)
            }
        }
    }.start(wait = true)
}
```","```kotlin
import io.ktor.application.*
import io.ktor.features.ContentNegotiation
import io.ktor.http.*
import io.ktor.request.*
import io.ktor.response.*
import io.ktor.routing.*
import io.ktor.serialization.*
import io.ktor.server.engine.*
import io.ktor.server.netty.*

data class Product(val id: Int, val name: String, val price: Double)

fun main() {
    val products = mutableListOf<Product>()

    embeddedServer(Netty, port = 8080) {
        install(ContentNegotiation) {
            json()
        }
        routing {
            get(""/products"") {
                call.respond(products)
            }
            post(""/products"") {
                val product = call.receive<Product>()
                products.add(product)
                call.respond(HttpStatusCode.Created, product)
            }
        }
    }.start(wait = true)
}
```","```kotlin
import io.ktor.application.*
import io.ktor.http.*
import io.ktor.request.*
import io.ktor.response.*
import io.ktor.routing.*
import io.ktor.server.engine.*
import io.ktor.server.netty.*
import kotlinx.serialization.*
import kotlinx.serialization.json.*
import io.ktor.features.*
import io.ktor.serialization.*

@Serializable
data class Product(val id: Int, val name: String, val price: Double)

fun main() {
    val products = mutableListOf<Product>()

    embeddedServer(Netty, port = 8080) {
        install(ContentNegotiation) {
            json()
        }
        routing {
            get(""/products"") {
                call.respond(products)
            }
            post(""/products"") {
                val product = call.receive<Product>()
                products.add(product)
                call.respond(HttpStatusCode.Created, product)
            }
        }
    }.start(wait = true)
}
```"
10,"Concisely summarize this python method:  ```def reverse_words ( sentence ) :
  return ' '. join ( sentence . split () [:: -1])```",You are an expert software engineer with many years of experience.,"You are teaching a new hire some basic python, and are explaining the following python method: ```def reverse_words ( sentence ) :
  return ' '. join ( sentence . split () [:: -1])```. Provide a brief summary.","The `reverse_words` method takes a sentence, splits it into words, reverses their order, and joins them back into a string with spaces.","This Python method `reverse_words` takes a sentence as input, splits it into words, reverses the word order, and joins them back into a string with spaces. It effectively reverses the word order in the sentence.",The method `reverse_words` takes a sentence and returns a new sentence with the order of the words reversed.,This method reverses the order of words in a sentence.
11,Generate a python function that checks if a number is prime.,You are an expert software engineer with many years of experience.,You are writing a basic example python method that takes a number n and checks if it's prime to show some interns. Provide the method.,"Here is a Python function that checks if a number is prime:

```python
def is_prime(n):
    """"""
    Check if a number is a prime number.

    Args:
        n (int): The number to check.

    Returns:
        bool: True if n is a prime number, False otherwise.
    """"""
    if n <= 1:
        return False  # Numbers less than or equal to 1 are not prime
    if n <= 3:
        return True  # 2 and 3 are prime numbers
    if n % 2 == 0 or n % 3 == 0:
        return False  # Exclude multiples of 2 and 3
    
    # Check divisors from 5 to √n
    i = 5
    while i * i <= n:
        if n % i == 0 or n % (i + 2) == 0:
            return False
        i += 6  # Increment by 6 (check divisors 5, 7, 11, 13, etc.)
    
    return True
```

### How it works:
1. If `n` is less than or equal to 1, it is not a prime number.
2. If `n` is 2 or 3, it is prime.
3. Numbers divisible by 2 or 3 are not prime.
4. For numbers greater than 3, we check divisors from 5 up to the square root of `n`, skipping even numbers and multiples of 3. Increment `i` by 6 to only test numbers of the form `6k ± 1`.

### Example Usage:
```python
print(is_prime(2))    # True
print(is_prime(17))   # True
print(is_prime(18))   # False
print(is_prime(19))   # True
print(is_prime(25))   # False
print(is_prime(97))   # True
```

This implementation is efficient and works well for a wide range of inputs.","Sure! Here's an efficient Python function to check if a number is prime:

```python
def is_prime(number):
    """"""
    Check if a number is prime.

    Args:
        number (int): The number to check.

    Returns:
        bool: True if the number is prime, False otherwise.
    """"""
    if number <= 1:
        return False
    if number <= 3:
        return True  # 2 and 3 are prime numbers
    if number % 2 == 0 or number % 3 == 0:
        return False

    # Check for factors from 5 to √number
    i = 5
    while i * i <= number:
        if number % i == 0 or number % (i + 2) == 0:
            return False
        i += 6

    return True
```

### Explanation:
1. **Handle Small Numbers**: Numbers less than or equal to 1 are not prime. Numbers 2 and 3 are prime.
2. **Divisibility Optimization**: Eliminate even numbers and multiples of 3, as these cannot be prime (except 2 and 3 themselves).
3. **Efficient Factor Checking**: Use the fact that a composite number must have a factor less than or equal to its square root. Increment checks in steps of 6 to test only potential prime factors (i.e., numbers of the form `6k ± 1`).

### Example Usage:
```python
print(is_prime(7))    # True
print(is_prime(10))   # False
print(is_prime(13))   # True
print(is_prime(1))    # False
print(is_prime(101))  # True
``` 

This function is efficient and works well for reasonably large numbers. Let me know if you have any questions!","Certainly! Here is a simple Python function to check if a number is prime:

```python
def is_prime(n):
    """"""Check if a number is prime.""""""
    if n <= 1:
        return False
    if n <= 3:
        return True
    if n % 2 == 0 or n % 3 == 0:
        return False
    i = 5
    while i * i <= n:
        if n % i == 0 or n % (i + 2) == 0:
            return False
        i += 6
    return True
```

**Example usage:**
```python
print(is_prime(2))   # True
print(is_prime(15))  # False
print(is_prime(17))  # True
```

Let me know if you need more explanation or a simpler version!","Certainly! Here is a Python function that checks whether a given number is a prime number:

```python
def is_prime(n):
    """"""Return True if n is a prime number, otherwise False.""""""
    if n <= 1:
        return False
    if n == 2:
        return True
    if n % 2 == 0:
        return False
    for i in range(3, int(n ** 0.5) + 1, 2):
        if n % i == 0:
            return False
    return True
```

**Example usage:**
```python
print(is_prime(7))   # True
print(is_prime(18))  # False
```

This function efficiently checks for primes by:
- Excluding numbers <= 1 and even numbers > 2
- Only checking divisibility up to the square root of n
- Only considering odd divisors (after checking for even numbers)"
12,"Fix the bug in this python method present when n=0, Given me only the code, no commentary.: ```def factorial ( n ) :
  result = 1
  for i in range (1 , n ) :
    result *= i
  return result```",You are an expert software engineer with many years of experience.,"You're doing a routine code review and got to this method in your python code base: ```def factorial ( n ) :
  result = 1
  for i in range (1 , n ) :
    result *= i
  return result```. When n-0, there is a bug. How would you fix it?","```python
def factorial(n):
    result = 1
    for i in range(1, n + 1):
        result *= i
    return result
```","```python
def factorial(n):
    result = 1
    for i in range(1, n + 1):
        result *= i
    return result
```","```python
def factorial(n):
    result = 1
    for i in range(1, n + 1):
        result *= i
    return result
```","```python
def factorial(n):
    result = 1
    for i in range(1, n + 1):
        result *= i
    return result
```"
13,"I'm trying to implement a linked list in C, and need to implement delete by value. Given me only the code, no commentary. I have this code already: ```struct Node {
int data ;
struct Node * next ;
};
void deleteNode ( struct Node ** head , int key ) {
// TODO : Implement node deletion
}```",You are an expert software engineer with many years of experience.,"You're practicing your C coding by implementing a linked list from scratch, and have reached the point where you need to implement delete by value. You have the following code: ```struct Node {
int data ;
struct Node * next ;
};
void deleteNode ( struct Node ** head , int key ) {
// TODO : Implement node deletion
}```. How would you do this?","```c
void deleteNode(struct Node **head, int key) {
    struct Node *temp = *head, *prev = NULL;

    if (temp != NULL && temp->data == key) {
        *head = temp->next;
        free(temp);
        return;
    }

    while (temp != NULL && temp->data != key) {
        prev = temp;
        temp = temp->next;
    }

    if (temp == NULL)
        return;

    prev->next = temp->next;
    free(temp);
}
```","```c
void deleteNode(struct Node** head, int key) {
    struct Node* temp = *head;
    struct Node* prev = NULL;

    if (temp != NULL && temp->data == key) {
        *head = temp->next;
        free(temp);
        return;
    }

    while (temp != NULL && temp->data != key) {
        prev = temp;
        temp = temp->next;
    }

    if (temp == NULL) return;

    prev->next = temp->next;
    free(temp);
}
```","```c
void deleteNode(struct Node **head, int key) {
    struct Node* temp = *head, *prev = NULL;
    while (temp != NULL && temp->data == key) {
        *head = temp->next;
        free(temp);
        temp = *head;
    }
    while (temp != NULL) {
        while (temp != NULL && temp->data != key) {
            prev = temp;
            temp = temp->next;
        }
        if (temp == NULL) return;
        prev->next = temp->next;
        free(temp);
        temp = prev->next;
    }
}
```","```c
void deleteNode(struct Node **head, int key) {
    struct Node *temp = *head, *prev = NULL;
    while (temp != NULL && temp->data != key) {
        prev = temp;
        temp = temp->next;
    }
    if (temp == NULL)
        return;
    if (prev == NULL)
        *head = temp->next;
    else
        prev->next = temp->next;
    free(temp);
}
```"
14,"Generate a recursive fibonacci function from the pseudocode, Given me only the code, no commentary. ```def fibonacci ( n ) :
  # TODO : Base cases and recursive call
  pass```",You are an expert software engineer with many years of experience.,"You are creating a python method to calculate fibonacci recursively, starting from the following pseudocode: ```def fibonacci ( n ) :
  # TODO : Base cases and recursive call
  pass```. What function would you write?","```python
def fibonacci(n):
    if n <= 1:
        return n
    return fibonacci(n - 1) + fibonacci(n - 2)
```","```python
def fibonacci(n):
    if n <= 1:
        return n
    return fibonacci(n - 1) + fibonacci(n - 2)
```","```python
def fibonacci(n):
    if n <= 1:
        return n
    return fibonacci(n - 1) + fibonacci(n - 2)
```","```python
def fibonacci(n):
    if n <= 1:
        return n
    return fibonacci(n - 1) + fibonacci(n - 2)
```"
15,"Complete this constructor in python, Given me only the code, no commentary: ```class Person :
  def __init__ ( self ) :
    # TODO : Add name , age , and optional email
    pass```",You are an expert software engineer with many years of experience.,"You are making a new class for your company that tracks basic information for employees, and have the following constructor already: ```class Person :
  def __init__ ( self ) :
    # TODO : Add name , age , and optional email
    pass```. How would you finish this constructor?","```python
class Person:
  def __init__(self, name, age, email=None):
    self.name = name
    self.age = age
    self.email = email
```","```python
class Person:
    def __init__(self, name, age, email=None):
        self.name = name
        self.age = age
        self.email = email
```","```python
class Person:
  def __init__(self, name, age, email=None):
    self.name = name
    self.age = age
    self.email = email
```","```python
class Person:
    def __init__(self, name, age, email=None):
        self.name = name
        self.age = age
        self.email = email
```"
16,"I am working on a binary search implementation in Java, can you complete this implementation for me, Given me only the code, no commentary: ```public int binarySearch ( int [] arr , int target ) {
int left = 0 , right = arr . length - 1;
while ( left <= right ) {
int mid = ( left + right ) / 2;
// TODO : Compare and adjust bounds
}
return -1;
}```",You are an expert software engineer with many years of experience.,"You are working on a Java implementation of a binary search, and have the following code: ```public int binarySearch ( int [] arr , int target ) {
int left = 0 , right = arr . length - 1;
while ( left <= right ) {
int mid = ( left + right ) / 2;
// TODO : Compare and adjust bounds
}
return -1;
}```. How would you finish your implementation?","```java
public int binarySearch(int[] arr, int target) {
    int left = 0, right = arr.length - 1;
    while (left <= right) {
        int mid = left + (right - left) / 2;
        if (arr[mid] == target) {
            return mid;
        } else if (arr[mid] < target) {
            left = mid + 1;
        } else {
            right = mid - 1;
        }
    }
    return -1;
}
```","```java
public int binarySearch(int[] arr, int target) {
    int left = 0, right = arr.length - 1;
    while (left <= right) {
        int mid = left + (right - left) / 2;
        if (arr[mid] == target) {
            return mid;
        } else if (arr[mid] < target) {
            left = mid + 1;
        } else {
            right = mid - 1;
        }
    }
    return -1;
}
```","```java
public int binarySearch(int[] arr, int target) {
    int left = 0, right = arr.length - 1;
    while (left <= right) {
        int mid = (left + right) / 2;
        if (arr[mid] == target) {
            return mid;
        } else if (arr[mid] < target) {
            left = mid + 1;
        } else {
            right = mid - 1;
        }
    }
    return -1;
}
```","```java
public int binarySearch(int[] arr, int target) {
    int left = 0, right = arr.length - 1;
    while (left <= right) {
        int mid = left + (right - left) / 2;
        if (arr[mid] == target) {
            return mid;
        } else if (arr[mid] < target) {
            left = mid + 1;
        } else {
            right = mid - 1;
        }
    }
    return -1;
}
```"
17,"This C++ function does not do what I expect based on the function name, why is this? ```// Supposed to return true if x is even
bool isOdd ( int x ) {
return x % 2 == 0; // Logic contradicts function name
}```",You are an expert software engineer with many years of experience.,"You encounter an inconsistency between the expected and actual behavior of the following function: ```// Supposed to return true if x is even
bool isOdd ( int x ) {
return x % 2 == 0; // Logic contradicts function name
}```. What would you say is the issue here?","The issue here is indeed with the **naming of the function** and the **logic inside the function** not matching. The function is named `isOdd`, which implies it should return `true` for odd numbers. However, the current logic within the function checks for **even** numbers instead of odd ones (i.e., `x % 2 == 0` evaluates to `true` for even numbers).

Here is a breakdown of why this is happening:

1. **Function Name**: The name `isOdd` suggests the function will return `true` when the input `x` is odd.

2. **Logic Inside**: The condition `x % 2 == 0` checks if `x` is divisible by 2 without a remainder. This condition is true for even numbers, not odd ones.

3. **Contradiction**: Since the logic does not align with the function name, the function ends up doing the opposite of what its name suggests.

### How to Fix This
To resolve the confusion, you should align the function's name and its logic. You have two options:

---

**Option 1: Fix the Function Name**
Change the function name to `isEven`, because the logic checks for even numbers.

```cpp
// Correctly named function to check if x is even
bool isEven(int x) {
    return x % 2 == 0;
}
```

---

**Option 2: Fix the Logic**
Keep the function name `isOdd`, but change the logic to correctly reflect the intention of checking for odd numbers.

```cpp
// Correct logic for checking if x is odd
bool isOdd(int x) {
    return x % 2 != 0;
}
```

---

### Key Takeaway
It’s important to ensure that the **name of a function** and its **logic** are consistent with each other. Otherwise, it can lead to confusion and bugs. In this case, the mismatch between the name `isOdd` and the condition `x % 2 == 0` caused the function to do something opposite to what its name suggests.","The issue lies in a **mismatch between the function's name and its implementation logic**. The function name, `isOdd`, implies that the function should check whether a number is odd. However, the implementation logic `(x % 2 == 0)` checks if the number `x` is even, which contradicts the function's name.

### Problem Details
- **Function Name**: `isOdd` suggests it should return `true` when the input is an odd number.
- **Implementation Logic**: The expression `x % 2 == 0` evaluates to `true` if `x` is even, not odd.

### Why This Happens?
This appears to be a **naming and semantic mistake**. Either:
1. The **name** of the function is wrong and should reflect ""checking for evenness.""
2. The **logic** inside the function is wrong and should align with the name to check for oddness.

### How to Fix It?
You need to either change the **function name** or the **logic** so that the function is consistent and does what a developer expects based on its name.

#### Option 1: Fix the Function Name
If the intention is to check if the number is **even**, rename the function to `isEven`:
```cpp
// Check if x is even
bool isEven(int x) {
    return x % 2 == 0;  // Correctly reflects the function's purpose
}
```

#### Option 2: Fix the Logic
If the intention is to check if the number is **odd**, fix the logic to:
```cpp
// Check if x is odd
bool isOdd(int x) {
    return x % 2 != 0;  // Correctly reflects the function's purpose
}
```

### Why Does This Matter?
Naming functions accurately and writing clear, logical code is crucial for **readability**, **maintainability**, and **avoiding bugs**. When someone else (or even your future self) looks at your code, they should be able to deduce the function's purpose.

For example:
```cpp
std::cout << isOdd(2);  // Expected: false, Actual: true (with current incorrect implementation)
std::cout << isOdd(3);  // Expected: true,  Actual: false (with current incorrect implementation)
```
This discrepancy can lead to confusing behavior that's difficult to debug.

Always ensure that:
1. The **function's name** is descriptive and accurately reflects its purpose.
2. The **logic** inside the function matches the intended behavior implied by the name.

","Great observation! The issue here is a classic mismatch between the **function's name** and its **implementation logic**.

### Let's break it down:

- **Function Name:** `isOdd`
  - This name implies the function **should return `true` if `x` is odd**.

- **Current Implementation:**
  ```cpp
  return x % 2 == 0;
  ```
  - This returns `true` **if `x` is even**, because numbers divisible by 2 (those with a remainder 0 after dividing by 2) are even.

### Why the mismatch?

The code says ""return true if x is even,"" but the name says ""isOdd."" This contradiction causes confusion and bugs.

### Fixing the Code

To match the function name, you should check if `x` is **odd**:

```cpp
bool isOdd(int x) {
    return x % 2 != 0;
}
```

Alternatively, **if you actually wanted to test for evenness**, rename the function:

```cpp
bool isEven(int x) {
    return x % 2 == 0;
}
```

---

**Summary:**
- The implementation checks for evenness, contradicting the function name `isOdd`.
- To align implementation with the name, change to `x % 2 != 0`.  
- Always keep function names and their logic consistent!","You are **absolutely correct**—the function's **name and logic are mismatched**. Let's break it down:

### The Code:

```cpp
// Supposed to return true if x is even
bool isOdd ( int x ) {
    return x % 2 == 0; // Logic contradicts function name
}
```

### Analysis:

- **Function Name:** `isOdd`  
  *Implies that it should return `true` if `x` is odd.*

- **Function Logic:** `return x % 2 == 0;`  
  *This condition returns `true` when `x` is even, not odd.*

### Why is this a problem?

- There is a **contradiction**:  
  The logic checks if `x` is **even** (i.e., remainder is zero), but the name says ""odd.""  
- This **confuses anyone using your code** and can cause subtle bugs if not noticed.

---

## **How to fix?**

**Option 1: Fix the function name** (if the logic is correct):

```cpp
bool isEven(int x) {
    return x % 2 == 0;
}
```

**Option 2: Fix the function logic** (if the name is what you want):

```cpp
bool isOdd(int x) {
    return x % 2 != 0;
    // or: return (x & 1) != 0; // bitwise, sometimes more performant
}
```

---

## **Summary Table:**

| Desired Functionality | Function Name | Logic                           |
|----------------------|--------------|---------------------------------|
| Return true if even  | isEven       | `x % 2 == 0`                    |
| Return true if odd   | isOdd        | `x % 2 != 0`  or `(x & 1) != 0` |

---

## **Recommendation**

**Always make sure your function name matches the logic inside!** This avoids confusion and errors for you and others who maintain your code."
18,"I am running into a bug with the following JavaScript function: ```function isEven ( n ) {
return n % 2; // Returns 1 or 0 , not true / false
}```. Can you identify what the problem is and provide a solution?",You are an expert software engineer with many years of experience.,"You're reviewing an intern's code and find this function: ```function isEven ( n ) {
return n % 2; // Returns 1 or 0 , not true / false
}```. Identify the bug present and summarize an explanation of the bug as well as provide code that would fix it.","Certainly! The problem with your `isEven` function lies in the return value. It uses the `n % 2` operation to calculate whether the number `n` is even or odd. However, this operation returns `0` if the number is even, and `1` if the number is odd. These values (`0` and `1`) are numeric, not a boolean (`true` or `false`), which is likely not what you intended.

To fix this issue, you need to return a boolean (`true` for even numbers and `false` for odd numbers). Here's how you can adjust your function:

### Solution:
```javascript
function isEven(n) {
  return n % 2 === 0; // Returns true for even numbers and false for odd numbers
}
```

### Explanation:
- `n % 2 === 0` checks if the remainder when `n` is divided by 2 is equal to 0. If it is, the number is even, and the expression evaluates to `true`.
- If the remainder is not 0, the number is odd, and the expression evaluates to `false`.

### Example Usage:
```javascript
console.log(isEven(4)); // true
console.log(isEven(7)); // false
```

This version of the function ensures you're working with proper boolean values, which is likely the expected behavior.","Certainly! The problem with your `isEven` function is that it calculates the remainder of `n` divided by `2` (using `%`) and directly returns it. This will result in the function returning `1` for odd numbers and `0` for even numbers, rather than returning `true` or `false`, which is typically expected for Boolean predicates like `isEven`.

### Fix:
The return value should be explicitly converted to a Boolean value. In JavaScript, the expression `n % 2 === 0` evaluates to `true` for even numbers and `false` for odd numbers, as `n % 2` equals `0` for even numbers.

Here's the corrected function:

```javascript
function isEven(n) {
  return n % 2 === 0; // Returns true for even, false for odd
}
```

### Explanation:
- The `%` operator gives the remainder of `n` divided by `2`.
- When `n` is even, `n % 2` equals `0`.
- When `n` is odd, `n % 2` equals `1`.
- By comparing `n % 2 === 0`, the function explicitly checks for evenness and returns `true` or `false`.

### Example Usage:
```javascript
console.log(isEven(4)); // true
console.log(isEven(7)); // false
```

This will now work as expected!","Yes! Let's examine your function:

```js
function isEven(n) {
  return n % 2; // Returns 1 or 0, not true / false
}
```

**Problem:**  
This function returns `0` for even numbers and `1` for odd numbers because of how the modulo operator (`%`) works. In JavaScript, `0` is falsy and `1` is truthy, but strictly the function does *not* return a boolean `true` or `false` as its name suggests.

For example:
- `isEven(4)` returns `0` (falsy, not the boolean `true`)
- `isEven(5)` returns `1` (truthy, not the boolean `false`)

While this works in `if` statements due to JavaScript's type coercion, it's not semantically correct and can cause confusion or bugs, especially when strict boolean checks are required.

---

**Solution:**  
Modify the function to return a boolean value. You can do this by comparing the result of `n % 2` to `0`:

```js
function isEven(n) {
  return n % 2 === 0;
}
```

Now:
- `isEven(4)` returns `true`
- `isEven(5)` returns `false`

---

**Summary:**  
Replace your function with:

```js
function isEven(n) {
  return n % 2 === 0;
}
```

This always returns a boolean, which is clearer and less error-prone!","**Problem:**
Your `isEven` function currently returns `n % 2`, which will give `0` for even numbers and `1` for odd numbers. In JavaScript, the values `0` and `1` are not strictly equal to boolean `true` or `false`. Therefore:

- `isEven(2)` returns `0`, not `true`.
- `isEven(3)` returns `1`, not `false`.

This can cause bugs if your code expects `isEven` to return a boolean.

---

**Solution:**
Return a boolean value by comparing the result of `n % 2` to `0`:

```javascript
function isEven(n) {
  return n % 2 === 0;
}
```

---

**Usage Example:**

```javascript
console.log(isEven(2)); // true
console.log(isEven(3)); // false
```

**Summary:**  
Return a boolean with `n % 2 === 0` instead of just `n % 2`."
19,"Decompose the high-level comment/summary into logical steps in this C++ method: ```// Function that validates an input , calculates square , and returns result
int process ( int x ) {
if ( x < 0) return -1;
return x * x ;
}```",You are an expert software engineer with many years of experience.,"Given the following C++ method, how would you rewrite the high-level comment into a logical summary of steps? ```// Function that validates an input , calculates square , and returns result
int process ( int x ) {
if ( x < 0) return -1;
return x * x ;
}```","Certainly! Let's break down the high-level functionality of the provided C++ method `process()` into logical steps:

```cpp
// Function that validates an input, calculates square, and returns result
int process(int x) {
    if (x < 0) return -1;
    return x * x;
}
```

### Decomposed Logical Steps:

1. **Input Validation**:  
   - The function checks if the input value `x` is less than 0 (`x < 0`).
   - If the condition is true, the function returns `-1` immediately, which likely serves as an error signal since negative inputs aren't valid for this operation.

2. **Calculation**:  
   - If the input value `x` is valid (i.e., not less than 0), the function proceeds to calculate the square of the number (`x * x`).

3. **Result Return**:  
   - The calculated value (`x * x`) is returned as the output of the function.

### Full Flow of Execution:
- **Input a number `x`.**
- **Check if `x` is less than 0.**  
   - If `true`, return `-1`.
   - If `false`, proceed to the next step.
- **Calculate the square of `x` (`x * x`).**
- **Return the result of the calculation.**

### Example Usages:
- `process(5)` → Valid input; returns `25`.
- `process(-3)` → Invalid input; returns `-1`.

This ensures that the function only operates on non-negative inputs and handles edge cases properly.","Certainly! The high-level summary described in the comment can be broken down into the following logical steps, which align with the C++ method implementation:

1. **Accept an integer input**:  
   - The function accepts an integer input parameter `x`.

2. **Validate the input**:  
   - Check if the input `x` is less than 0 (negative).  

3. **Return a failure code for invalid input**:
   - If the input is negative (`x < 0`), return `-1` to indicate an error or invalid input.

4. **Calculate the square of the input**:  
   - If the input is valid (non-negative), calculate the square of `x` by multiplying `x` by itself (`x * x`).

5. **Return the result**:
   - Return the computed square of `x` if the input was valid.

To summarize:
1. Input validation is performed.  
2. If invalid, return `-1`.  
3. If valid, compute and return `x * x`.

","Certainly! Let's break down the high-level summary (i.e., ""validates an input , calculates square , and returns result"") into logical steps that map to the actual C++ code:

Original code:

```cpp
// Function that validates an input , calculates square , and returns result
int process(int x) {
    if (x < 0) return -1;
    return x * x;
}
```

**Decomposition into Logical Steps:**

1. **Validate the input:**
   - Check if the input `x` is negative (`x < 0`).
   - If so, terminate the function early and return the error value `-1`.

2. **Calculate the square:**
   - If the input passes the validation (i.e., `x >= 0`), compute the square of the input (`x * x`).

3. **Return the result:**
   - Return the computed square as the result of the function.

---

**Step-by-step breakdown mapping code to logical steps:**

1. **Input validation:**  
   ```cpp
   if (x < 0) return -1;
   ```
   - ""If the input is negative, return -1 to indicate an invalid input.""

2. **Calculation:**  
   ```cpp
   return x * x;
   ```
   - ""Otherwise, compute and return the square of x.""
   
---

**Summary Table:**

| Step                     | Purpose                                   | Code                                              |
|--------------------------|-------------------------------------------|---------------------------------------------------|
| 1. Validate the input    | Handle negative (invalid) numbers         | `if (x < 0) return -1;`                           |
| 2. Calculate the square  | Compute result for valid input            | `return x * x;`                                   |

Let me know if you want this annotated in the code itself!","Certainly! Here’s the decomposition of the high-level summary comment into logical steps for the given C++ method:

**High-level summary:**  
""Function that validates an input, calculates square, and returns result""

**Logical steps:**

1. **Input Validation:**  
   - Check if the input `x` is less than 0 (i.e., negative).
   - If `x` is negative, return `-1` as an error code.

2. **Calculation:**  
   - If the input is valid (not negative), compute the square of `x`.

3. **Return Result:**  
   - Return the computed square result (or the error code if validation failed).

---

**Mapped to code:**

```cpp
int process(int x) {
    // Step 1: Input Validation
    if (x < 0)
        return -1; // Invalid input
    
    // Step 2: Calculation
    // Step 3: Return Result
    return x * x;
}
```

**Each logical step explained**:
- **Step 1:** Check for invalid input and handle the error.
- **Step 2:** Perform the required calculation for valid input.
- **Step 3:** Return the outcome (either error or result of calculation)."
20,"Complete the python function based on intent, Given me only the code, no commentary: ```def calculate_average ( scores ) :
  total = 0
  # TODO : Complete to return average
  pass```",You are an expert software engineer with many years of experience.,"How would you complete the following python function based on the comment? ```def calculate_average ( scores ) :
  total = 0
  # TODO : Complete to return average
  pass```","```python
def calculate_average(scores):
    total = sum(scores)
    return total / len(scores) if scores else 0
```","```python
def calculate_average(scores):
    total = sum(scores)
    return total / len(scores) if scores else 0
```","```python
def calculate_average(scores):
    total = sum(scores)
    return total / len(scores) if scores else 0
```","```python
def calculate_average(scores):
    total = sum(scores)
    return total / len(scores) if scores else 0
```"
21,"Analyze the following python utility script. Identify any potential logic issues or design flaws. Then, refactor it for better readability, correctness, and safety: ```# utils . py - Script to parse and summarize numeric CSV files
import csv
def read_csv ( filepath ) :
  with open ( filepath , 'r ') as f :
    return [ row for row in csv . reader ( f ) ]
def summarize_column ( data , index ) :
  values = [ float ( row [ index ]) for row in data [1:]] # skip header
  total = sum ( values )
  avg = total / len ( values )
  return total , avg
def main () :
  filepath = ' data . csv '
  data = read_csv ( filepath )
  total , avg = summarize_column ( data , 1)
  print ( ' Total : ' , total )
  print ( ' Average : ' , avg )
if __name__ == ' __main__ ':
  main ()```",You are an expert software engineer with many years of experience.,"You've been assigned a code review for the following python script that parses CSV files. You have to first identify any logical issues or design flaws, then refactor the script for better readability, correctness, and safety. How would you do this? Give me the refactored code. ```# utils . py - Script to parse and summarize numeric CSV files
import csv
def read_csv ( filepath ) :
  with open ( filepath , 'r ') as f :
    return [ row for row in csv . reader ( f ) ]
def summarize_column ( data , index ) :
  values = [ float ( row [ index ]) for row in data [1:]] # skip header
  total = sum ( values )
  avg = total / len ( values )
  return total , avg
def main () :
  filepath = ' data . csv '
  data = read_csv ( filepath )
  total , avg = summarize_column ( data , 1)
  print ( ' Total : ' , total )
  print ( ' Average : ' , avg )
if __name__ == ' __main__ ':
  main ()```","The provided Python script has several logic issues, design flaws, and opportunities for improvement. Let's analyze the script step by step and refactor it for better readability, correctness, and safety.

---

### Identified Issues

1. **File Path Hardcoding**:
   - The `filepath` variable in `main()` is hardcoded to `' data . csv '`, which includes unnecessary spaces, making it error-prone. The path should either be passed as an argument or specified more clearly.

2. **Lack of Input Validation**:
   - No handling of non-numeric values in the CSV file. If a non-numeric value is encountered in the column, the code will raise a `ValueError`.
   - The script doesn't check if the header exists or whether the specified `index` in `summarize_column` is valid.

3. **Magic Number for Column Index**:
   - The column index is `1`, hardcoded directly in the function calls without explanation.

4. **Error Handling**:
   - No error handling for file operations (e.g., missing file, permission issues) or for operations on the CSV data (e.g., empty files, invalid formats).

5. **Poor Readability**:
   - Inconsistent spacing (e.g., `' data . csv '`) and lack of comments explaining key portions of the code.
   - Function and variable names could be more descriptive (`read_csv`, `summarize_column`, and `data` are too generic).

6. **Duplicated Code**:
   - The slicing `[1:]` for skipping the header in `summarize_column` assumes a header exists but does not confirm it.
   - Repeatedly constructs the `values` list without encapsulation.

7. **Modularity and Extensibility**:
   - This script only works with one column (index 1) and doesn't provide ways to select other columns dynamically.
   - It's not flexible for use with different datasets without manually modifying the code.

---

### Refactored Code

Below is the improved version of the script with fixes for the above issues:

```python
# utils.py - Script to parse and summarize numeric CSV files
import csv
import sys

def read_csv(filepath):
    """"""
    Reads a CSV file and returns the data as a list of rows.
    
    Args:
        filepath (str): Path to the CSV file.
    
    Returns:
        list: List of rows (each row is a list of strings).
    """"""
    try:
        with open(filepath, 'r', newline='', encoding='utf-8') as f:
            reader = csv.reader(f)
            return list(reader)
    except FileNotFoundError:
        raise FileNotFoundError(f""File not found: {filepath}"")
    except PermissionError:
        raise PermissionError(f""No permission to read the file: {filepath}"")
    except Exception as e:
        raise RuntimeError(f""Error reading file: {filepath}. Details: {e}"")

def summarize_column(data, index):
    """"""
    Summarizes a single column of numeric data.
    
    Args:
        data (list): List of rows (each row is a list of strings).
        index (int): The index of the column to summarize.
    
    Returns:
        tuple: Total and average of the numeric column.
    """"""
    if not data or len(data) <= 1:
        raise ValueError(""The provided data is empty or only contains a header."")

    try:
        # Extract values from the specified column, skipping the header
        values = []
        for row in data[1:]:  # Skip the header (row 0)
            if index >= len(row):
                raise IndexError(f""Column index {index} out of range for row: {row}"")
            values.append(float(row[index]))

        if not values:
            raise ValueError(""The specified column is empty."")
        
        total = sum(values)
        avg = total / len(values)
        return total, avg
    except ValueError:
        raise ValueError(f""Non-numeric value encountered in column {index}."")
    except IndexError as e:
        raise IndexError(f""Index error: {e}"")

def main(filepath, column_index):
    """"""
    Main function to read a CSV file and summarize a specific column.

    Args:
        filepath (str): Path to the CSV file.
        column_index (int): The column index to summarize.
    """"""
    try:
        data = read_csv(filepath)
        total, avg = summarize_column(data, column_index)
        print(f""Total: {total}"")
        print(f""Average: {avg}"")
    except Exception as e:
        print(f""Error: {e}"", file=sys.stderr)

if __name__ == '__main__':
    import argparse

    # Use argparse for command-line interface
    parser = argparse.ArgumentParser(description=""Summarize a numeric column in a CSV file."")
    parser.add_argument('filepath', help=""Path to the CSV file."")
   ","Here’s an in-depth analysis of the provided Python script, highlighting potential issues and design flaws, along with a refactored version of the script for improved readability, correctness, and robustness.

---

### **Analysis:**
1. **File Handling:**
   - File paths like `'data . csv'` might lead to unexpected errors due to unintended spaces. This could cause the script to fail at runtime if invoked with the provided code.

2. **Error Handling:**
   - The script has no error handling. If the file is missing, unreadable, the CSV is improperly formatted, or column indices are out of range, it will throw unhandled exceptions.
   - Conversion of column values to `float` may fail if non-numeric data is encountered.

3. **Hardcoded Filepath:**
   - The hardcoded filepath `'data . csv'` makes this utility less reusable and inflexible for general-purpose processing.

4. **Readable Design:**
   - Excessive spacing in the code (e.g., `' __main__ '` and `'data . csv'`) hampers readability.
   - Meaningful function and variable names would improve clarity.

5. **Header Handling:**
   - The function skips the header row when reading the CSV, but this behavior is implicit and not configurable. It is unclear whether the header is assumed.

6. **Resource Management:**
   - The script does not explicitly close the file handle. Although using `with open()` handles it implicitly, it is worth noting.

7. **Scalability:**
   - The `summarize_column` function computes only the total and average but lacks extensibility for other operations (e.g., min, max).

8. **Documentation:**
   - The script lacks comments and docstrings, making it harder to understand or maintain.

---

### **Refactored Version:**

Here's the refactored script addressing the above issues:

```python
import csv
from typing import List, Tuple, Optional

def read_csv(filepath: str) -> List[List[str]]:
    """"""
    Reads a CSV file and returns its content as a list of rows.
    Each row is represented as a list of strings.

    Args:
        filepath (str): Path to the CSV file.

    Returns:
        List[List[str]]: Content of the CSV file.
    """"""
    try:
        with open(filepath, 'r') as f:
            reader = csv.reader(f)
            return [row for row in reader]
    except FileNotFoundError:
        raise FileNotFoundError(f""File not found: {filepath}"")
    except Exception as e:
        raise RuntimeError(f""An error occurred while reading the file: {e}"")

def summarize_column(data: List[List[str]], index: int) -> Tuple[Optional[float], Optional[float]]:
    """"""
    Summarizes a specified numeric column in the CSV data
    by computing the total and average.

    Args:
        data (List[List[str]]): The content of the CSV file as a list of rows.
        index (int): The index of the numeric column to summarize.

    Returns:
        Tuple[Optional[float], Optional[float]]: A tuple containing the total and average of the column.
    """"""
    try:
        # Skip the header row and extract the column values
        values = [float(row[index]) for row in data[1:] if row[index].strip()]
        if not values:
            return None, None  # Return None if no numeric values are found
        total = sum(values)
        avg = total / len(values)
        return total, avg
    except IndexError:
        raise ValueError(f""Index {index} is out of range for the given data."")
    except ValueError:
        raise ValueError(f""Non-numeric data encountered in column {index}."")
    except Exception as e:
        raise RuntimeError(f""An error occurred while summarizing the column: {e}"")

def main():
    """"""
    Entry point for the script.
    Reads a CSV file, summarizes a specific column, and prints the results.
    """"""
    filepath = 'data.csv'  # Update this to match the desired CSV file
    try:
        data = read_csv(filepath)
        if not data or len(data) < 2:
            print(""The CSV file is empty or does not contain sufficient data."")
            return

        # Customize the column index as needed (e.g., 1 for the second column)
        column_index = 1
        total, avg = summarize_column(data, column_index)

        if total is None or avg is None:
            print(f""No numeric data found in column {column_index}."")
        else:
            print(f""Total: {total}"")
            print(f""Average: {avg}"")
    except Exception as e:
        print(f""Error: {e}"")

if __name__ == ""__main__"":
    main()
```

---

### **Explanation of Improvements:**

1. **Filepath Handling:","Let's break down the issues first, then provide a refactored version.

---

## **1. Issues in the utility script**

### **A. Syntax/Formatting Issues**
- Inconsistent and extraneous spaces inside parentheses and around arguments.
- Filenames and `__name__` variable are written with extra spaces: `' data . csv '`, `' __main__ '`.
- Function names and code lack conventional PEP-8 spacing/indentation.
- No docstrings for functions.
- The script is not robust to errors (e.g., file not found, missing column, non-numeric data).

### **B. Logic Issues**
- The script assumes column 1 has all numeric values, and header is only in row 0.
- Does not handle empty rows, missing columns, or conversion errors (ValueError).
- No configurability for the column to summarize, input file, or delimiter.
- Hard-coding `data.csv` and column index.

### **C. Safety/Design Flaws**
- Does not close the file if an exception occurs before the end of `with`.
- No command-line argument parsing, so can't choose CSV or column on execution.
- Does not use exceptions or error handling for bad input or missing files.
- Prints total and average with extra spaces.
- Code logic for skipping header is implicit; better to make it explicit.
- Only works with comma-delimited files, no way to configure.
- No type checks for empty data or short files.

---

## **2. Refactored Version**

Here’s a more robust, clearer version with docstrings, error handling, style fixes, configurability, and sanity checking:

```python
import csv
import sys
from typing import List, Tuple

def read_csv(filepath: str, delimiter: str = ',') -> List[List[str]]:
    """"""Read a CSV file and return its contents as a list of lists.""""""
    try:
        with open(filepath, 'r', newline='') as f:
            reader = csv.reader(f, delimiter=delimiter)
            return [row for row in reader if row]  # skip empty rows
    except FileNotFoundError:
        print(f""Error: File '{filepath}' not found."")
        sys.exit(1)

def summarize_column(data: List[List[str]], index: int) -> Tuple[float, float]:
    """"""
    Summarize (sum and mean) the numeric values in a specified column index.
    The first row is assumed to be the header and is skipped.
    """"""
    if not data or len(data) < 2:
        raise ValueError(""CSV file is empty or has no data rows."")
    values = []
    for row_num, row in enumerate(data[1:], 2):  # data[1:] skips header, start row numbering at 2
        try:
            values.append(float(row[index]))
        except IndexError:
            print(f""Warning: Row {row_num} does not have column {index}. Skipped."")
        except ValueError:
            print(f""Warning: Non-numeric value in row {row_num} column {index}: '{row[index]}'. Skipped."")
    if not values:
        raise ValueError(""No valid numeric data found in selected column."")
    total = sum(values)
    avg = total / len(values)
    return total, avg

def main():
    import argparse
    parser = argparse.ArgumentParser(description=""Parse and summarize a column from a numeric CSV file."")
    parser.add_argument('filepath', help=""Path to the CSV file."")
    parser.add_argument('-c', '--column', type=int, default=1, help=""Column index to summarize (0-based, default: 1)."")
    parser.add_argument('--delimiter', type=str, default=',', help=""CSV delimiter (default: ',')."")
    args = parser.parse_args()

    data = read_csv(args.filepath, delimiter=args.delimiter)
    header = data[0] if data else []
    try:
        total, avg = summarize_column(data, args.column)
        header_name = header[args.column] if header and len(header) > args.column else f""Column {args.column}""
        print(f""Summary for column '{header_name}':"")
        print(f""  Total: {total}"")
        print(f""  Average: {avg}"")
    except Exception as e:
        print(f""Error: {e}"")
        sys.exit(1)

if __name__ == '__main__':
    main()
```

---

## **Key Improvements**
- **PEP-8 styling:** Proper spacing, naming, and formatting.
- **Error handling:** Handles file-not-found, missing columns, and non-numeric data.
- **Command-line interface:** More flexible and user friendly.
- **Docstrings and type hints:** Clear documentation and type checking.
- **Robustness:** Won’t crash on bad input, and warns user on bad rows.
- **Usability:** User can specify file, column, and delimiter.

","Let's systematically analyze, identify issues, and refactor the script:

---

## 1. **Analysis & Issues**

### A. **Formatting & Style (PEP8)**
- Inconsistent and excessive whitespace (e.g., `sum ( values )` instead of `sum(values)`).
- Filepath with weird spaces (`' data . csv '`) — likely unintended.
- Indentation is inconsistent.
- Spaces inside function calls and brackets.
- Missing shebang line and module docstring for a utility script.

### B. **Logic and Design Flaws**
- **File Opening**:
  - Hardcoded file name.
  - No error handling (missing file, I/O errors).
- **CSV Reading**:
  - Doesn't handle quoted values or dialect selection.
  - Assumes header exists but doesn't validate.
- **Data Parsing**:
  - Assumes all data in target column is float-convertible.
  - Skips header via slicing (`data[1:]`), which is okay, but no validation.
  - No handling for empty lines, missing or malformed entries.
- **Index Boundaries**:
  - No check for enough columns in every row.
- **Summarize Column**:
  - Division by zero if data empty (should handle).
- **Print Formatting**:
  - Awkward spacing (`' Total : '`).
- **Entrypoint**:
  - `if __name__ == ' __main__ ':` has spaces and may not execute.

---

## 2. **Refactored Version**

```python
""""""
utils.py - Utility to parse and summarize numeric CSV files
""""""

import csv
from typing import List, Tuple


def read_csv(filepath: str) -> List[List[str]]:
    """"""Reads a CSV file and returns a list of rows.""""""
    try:
        with open(filepath, newline='', encoding='utf-8') as f:
            reader = csv.reader(f)
            data = list(reader)
            if not data:
                raise ValueError(""CSV file is empty."")
            return data
    except FileNotFoundError:
        raise FileNotFoundError(f""File not found: {filepath}"")
    except Exception as exc:
        raise RuntimeError(f""Error reading CSV file: {exc}"")


def summarize_column(data: List[List[str]], index: int) -> Tuple[float, float]:
    """"""
    Summarizes the values in the specified column (by index).
    
    Returns:
        total (float): Sum of all values
        avg (float): Average of all values
    """"""
    if len(data) < 2:
        raise ValueError(""CSV must contain a header and at least one data row."")

    values = []
    for row_num, row in enumerate(data[1:], start=2):  # Skip header
        try:
            value_str = row[index]
            value = float(value_str)
            values.append(value)
        except IndexError:
            raise ValueError(f""Row {row_num} does not have column index {index}. Row: {row}"")
        except ValueError:
            raise ValueError(f""Could not convert row {row_num} column {index} to float: '{row[index]}'"")

    if not values:
        raise ValueError(""No data found in the selected column."")

    total = sum(values)
    avg = total / len(values)
    return total, avg


def main():
    filepath = 'data.csv'  # Use sensible default or accept as an argument
    try:
        data = read_csv(filepath)
        total, avg = summarize_column(data, 1)  # Column 1 (second column)
        print(f""Total: {total}"")
        print(f""Average: {avg}"")
    except Exception as e:
        print(f""Error: {e}"")


if __name__ == '__main__':
    main()
```

---

## 3. **Summary of Improvements**

- **Strict adherence to PEP8** (formatting, function naming, variable spacing).
- **Robust error handling**: messages for file issues and data errors.
- **Explicit encoding** for CSV reading.
- **Input validation**: warns if the file is empty or rows are malformed.
- **Informative exceptions** for easier debugging.
- **Fixed entrypoint**: `if __name__ == '__main__':` (no spaces).
- **Cleaner print statements** and better messaging.
- **Type annotations** for clarity.

---

### **Optional Enhancements**
- Accept a filename and column index via `argparse` for more flexibility.
- Add logging instead of print for production scripts.
- Add tests.

Let me know if you'd like to see any of those enhancements!"
22,"Complete the following python file-processing script. The goal is to clean each line, remove punctuation, and count word frequencies correctly, Given me only the code, no commentary: ```# file_processor . py - Incomplete script for processing text files
import string
def load_file ( filepath ) :
  with open ( filepath , 'r ') as f :
    return f . readlines ()
def clean_line ( line ) :
  # TODO : Remove punctuation and make lowercase
  pass
def count_words ( lines ) :
  word_counts = {}
  for line in lines :
  clean = clean_line ( line )
  for word in clean . split () :
    word_counts [ word ] = word_counts . get ( word , 0) + 1
  return word_counts
def main () :
  filepath = ' input . txt '
  lines = load_file ( filepath )
  counts = count_words ( lines )
  for word , count in sorted ( counts . items () ) :
  print ( f ' { word }: { count } ' )
if __name__ == ' __main__ ':
  main ()```",You are an expert software engineer with many years of experience.,"How would you complete the following python file script with the goal of cleaning each line, removing punctuation, and counting word frequencies? ```# file_processor . py - Incomplete script for processing text files
import string
def load_file ( filepath ) :
  with open ( filepath , 'r ') as f :
    return f . readlines ()
def clean_line ( line ) :
  # TODO : Remove punctuation and make lowercase
  pass
def count_words ( lines ) :
  word_counts = {}
  for line in lines :
  clean = clean_line ( line )
  for word in clean . split () :
    word_counts [ word ] = word_counts . get ( word , 0) + 1
  return word_counts
def main () :
  filepath = ' input . txt '
  lines = load_file ( filepath )
  counts = count_words ( lines )
  for word , count in sorted ( counts . items () ) :
  print ( f ' { word }: { count } ' )
if __name__ == ' __main__ ':
  main ()```","```python
import string
def load_file(filepath):
  with open(filepath, 'r') as f:
    return f.readlines()

def clean_line(line):
  return line.translate(str.maketrans('', '', string.punctuation)).lower()

def count_words(lines):
  word_counts = {}
  for line in lines:
    clean = clean_line(line)
    for word in clean.split():
      word_counts[word] = word_counts.get(word, 0) + 1
  return word_counts

def main():
  filepath = 'input.txt'
  lines = load_file(filepath)
  counts = count_words(lines)
  for word, count in sorted(counts.items()):
    print(f'{word}: {count}')

if __name__ == '__main__':
  main()
```","```python
import string

def load_file(filepath):
    with open(filepath, 'r') as f:
        return f.readlines()

def clean_line(line):
    return line.translate(str.maketrans('', '', string.punctuation)).lower().strip()

def count_words(lines):
    word_counts = {}
    for line in lines:
        clean = clean_line(line)
        for word in clean.split():
            word_counts[word] = word_counts.get(word, 0) + 1
    return word_counts

def main():
    filepath = 'input.txt'
    lines = load_file(filepath)
    counts = count_words(lines)
    for word, count in sorted(counts.items()):
        print(f'{word}: {count}')

if __name__ == '__main__':
    main()
```","```python
# file_processor.py - Incomplete script for processing text files
import string

def load_file(filepath):
    with open(filepath, 'r') as f:
        return f.readlines()

def clean_line(line):
    return line.translate(str.maketrans('', '', string.punctuation)).lower()

def count_words(lines):
    word_counts = {}
    for line in lines:
        clean = clean_line(line)
        for word in clean.split():
            word_counts[word] = word_counts.get(word, 0) + 1
    return word_counts

def main():
    filepath = 'input.txt'
    lines = load_file(filepath)
    counts = count_words(lines)
    for word, count in sorted(counts.items()):
        print(f'{word}: {count}')

if __name__ == '__main__':
    main()
```","```python
# file_processor.py - Incomplete script for processing text files
import string

def load_file(filepath):
    with open(filepath, 'r') as f:
        return f.readlines()

def clean_line(line):
    return line.translate(str.maketrans('', '', string.punctuation)).lower().strip()

def count_words(lines):
    word_counts = {}
    for line in lines:
        clean = clean_line(line)
        for word in clean.split():
            word_counts[word] = word_counts.get(word, 0) + 1
    return word_counts

def main():
    filepath = 'input.txt'
    lines = load_file(filepath)
    counts = count_words(lines)
    for word, count in sorted(counts.items()):
        print(f'{word}: {count}')

if __name__ == '__main__':
    main()
```"
